"id","action","user","variable_name","date","time"
"9930ca","AnswerSet","Headquarters","head_name","09/12/2016","07:47:56"
"9930ca","AnswerSet","Headquarters","district_name","09/12/2016","07:47:56"
"9930ca","AnswerSet","Headquarters","district_id","09/12/2016","07:47:56"
"9930ca","AnswerSet","Headquarters","county_name","09/12/2016","07:47:56"
"9930ca","AnswerSet","Headquarters","county_id","09/12/2016","07:47:56"
"9930ca","AnswerSet","Headquarters","subcounty_name","09/12/2016","07:47:56"
"9930ca","AnswerSet","Headquarters","subcounty_id","09/12/2016","07:47:56"
"9930ca","AnswerSet","Headquarters","parish_name","09/12/2016","07:47:56"
"9930ca","AnswerSet","Headquarters","parish_id","09/12/2016","07:47:56"
"9930ca","AnswerSet","Headquarters","enumerationarea_name","09/12/2016","07:47:56"
"9930ca","AnswerSet","Headquarters","enumeration_area","09/12/2016","07:47:56"
"9930ca","AnswerSet","Headquarters","localcouncil1_name","09/12/2016","07:47:56"
"9930ca","AnswerSet","Headquarters","localcouncil1_id","09/12/2016","07:47:56"
"9930ca","GroupDisabled","","4acbdbad9cdef15f3a3dbb54f0c76af4","",""
"9930ca","GroupDisabled","","1c540d7992d95836a22a8fb764260fa9","",""
"9930ca","GroupDisabled","","97e777cdede7e812bca15678959bd60f","",""
"9930ca","QuestionDisabled","","respondent_1","",""
"9930ca","QuestionDisabled","","respondent_1_holder","",""
"9930ca","QuestionDisabled","","holders_name1","",""
"9930ca","QuestionDisabled","","respondent_1_notholder","",""
"9930ca","QuestionDisabled","","respondent_2","",""
"9930ca","QuestionDisabled","","respondent_num","",""
"9930ca","QuestionDisabled","","respondent_2_no","",""
"9930ca","QuestionDisabled","","available_now","",""
"9930ca","QuestionDisabled","","available_now2","",""
"9930ca","QuestionDisabled","","available_day","",""
"9930ca","QuestionDisabled","","available_day2","",""
"9930ca","QuestionDisabled","","hour_available","",""
"9930ca","QuestionDisabled","","am_pm","",""
"9930ca","QuestionDisabled","","consent_respondent_1","",""
"9930ca","QuestionDisabled","","consent_respondent_2","",""
"9930ca","QuestionDisabled","","TIME_morning1_actother","",""
"9930ca","QuestionDisabled","","TIME_morning1_ag","",""
"9930ca","QuestionDisabled","","TIME_morning1_agsep","",""
"9930ca","QuestionDisabled","","TIME_morning1_agother","",""
"9930ca","QuestionDisabled","","TIME_morning1_sale","",""
"9930ca","QuestionDisabled","","TIME_morning1_finish","",""
"9930ca","QuestionDisabled","","EN_sametime","",""
"9930ca","QuestionDisabled","","EN_part1","",""
"9930ca","QuestionDisabled","","EN_part2","",""
"9930ca","QuestionDisabled","","EN_who_hh","",""
"9930ca","QuestionDisabled","","name_contact1","",""
"9930ca","QuestionDisabled","","relationship_contact1","",""
"9930ca","QuestionDisabled","","phone_contact1","",""
"9930ca","QuestionDisabled","","name_contact2","",""
"9930ca","QuestionDisabled","","relationship_contact2","",""
"9930ca","QuestionDisabled","","phone_contact2","",""
"9930ca","QuestionDisabled","","DL_accom","",""
"9930ca","QuestionDisabled","","DL_accom_other","",""
"9930ca","QuestionDisabled","","DL_rooms","",""
"9930ca","QuestionDisabled","","DL_light","",""
"9930ca","QuestionDisabled","","DL_light_other","",""
"9930ca","QuestionDisabled","","DL_water","",""
"9930ca","QuestionDisabled","","DL_water_other","",""
"9930ca","QuestionDisabled","","DL_location","",""
"9930ca","QuestionDisabled","","DL_toilet","",""
"9930ca","QuestionDisabled","","DL_toilet_other","",""
"9930ca","QuestionDisabled","","DL_floor","",""
"9930ca","QuestionDisabled","","DL_floor_other","",""
"9930ca","QuestionDisabled","","DL_walls","",""
"9930ca","QuestionDisabled","","DL_walls_other","",""
"9930ca","QuestionDisabled","","DL_roof","",""
"9930ca","QuestionDisabled","","DL_roof_other","",""
"9930ca","QuestionDisabled","","LS_code_other","",""
"9930ca","QuestionDisabled","","LS_ownjointly_A","",""
"9930ca","QuestionDisabled","","LS_ownjointly_hh","",""
"9930ca","QuestionDisabled","","LS_manager_hh","",""
"9930ca","QuestionDisabled","","LS_vet_hh","",""
"9930ca","QuestionDisabled","","LS_consumed_decis","",""
"9930ca","QuestionDisabled","","LS_consumed_decis_hh","",""
"9930ca","QuestionDisabled","","LS_sell_decis","",""
"9930ca","QuestionDisabled","","LS_sell_decis_hh","",""
"9930ca","QuestionDisabled","","LS_earnings","",""
"9930ca","QuestionDisabled","","LS_earnings_hh","",""
"9930ca","QuestionDisabled","","LS_decision_slaught","",""
"9930ca","QuestionDisabled","","LS_dec_slaught_hh","",""
"9930ca","QuestionDisabled","","LS_soldanimal_dec","",""
"9930ca","QuestionDisabled","","LS_soldanimal_dec_hh","",""
"9930ca","QuestionDisabled","","LS_earnanimal_dec","",""
"9930ca","QuestionDisabled","","LS_earnanimal_dec_hh","",""
"9930ca","QuestionDisabled","","LS_code_other","",""
"9930ca","QuestionDisabled","","LS_ownjointly_A","",""
"9930ca","QuestionDisabled","","LS_ownjointly_hh","",""
"9930ca","QuestionDisabled","","LS_manager_hh","",""
"9930ca","QuestionDisabled","","LS_vet_hh","",""
"9930ca","QuestionDisabled","","LS_consumed_decis","",""
"9930ca","QuestionDisabled","","LS_consumed_decis_hh","",""
"9930ca","QuestionDisabled","","LS_sell_decis","",""
"9930ca","QuestionDisabled","","LS_sell_decis_hh","",""
"9930ca","QuestionDisabled","","LS_earnings","",""
"9930ca","QuestionDisabled","","LS_earnings_hh","",""
"9930ca","QuestionDisabled","","LS_decision_slaught","",""
"9930ca","QuestionDisabled","","LS_dec_slaught_hh","",""
"9930ca","QuestionDisabled","","LS_soldanimal_dec","",""
"9930ca","QuestionDisabled","","LS_soldanimal_dec_hh","",""
"9930ca","QuestionDisabled","","LS_earnanimal_dec","",""
"9930ca","QuestionDisabled","","LS_earnanimal_dec_hh","",""
"9930ca","QuestionDisabled","","LS_code_other","",""
"9930ca","QuestionDisabled","","LS_ownjointly_A","",""
"9930ca","QuestionDisabled","","LS_ownjointly_hh","",""
"9930ca","QuestionDisabled","","LS_manager_hh","",""
"9930ca","QuestionDisabled","","LS_vet_hh","",""
"9930ca","QuestionDisabled","","LS_consumed_decis","",""
"9930ca","QuestionDisabled","","LS_consumed_decis_hh","",""
"9930ca","QuestionDisabled","","LS_sell_decis","",""
"9930ca","QuestionDisabled","","LS_sell_decis_hh","",""
"9930ca","QuestionDisabled","","LS_earnings","",""
"9930ca","QuestionDisabled","","LS_earnings_hh","",""
"9930ca","QuestionDisabled","","LS_decision_slaught","",""
"9930ca","QuestionDisabled","","LS_dec_slaught_hh","",""
"9930ca","QuestionDisabled","","LS_soldanimal_dec","",""
"9930ca","QuestionDisabled","","LS_soldanimal_dec_hh","",""
"9930ca","QuestionDisabled","","LS_earnanimal_dec","",""
"9930ca","QuestionDisabled","","LS_earnanimal_dec_hh","",""
"9930ca","QuestionDisabled","","LS_code_other","",""
"9930ca","QuestionDisabled","","LS_ownjointly_A","",""
"9930ca","QuestionDisabled","","LS_ownjointly_hh","",""
"9930ca","QuestionDisabled","","LS_manager_hh","",""
"9930ca","QuestionDisabled","","LS_vet_hh","",""
"9930ca","QuestionDisabled","","LS_consumed_decis","",""
"9930ca","QuestionDisabled","","LS_consumed_decis_hh","",""
"9930ca","QuestionDisabled","","LS_sell_decis","",""
"9930ca","QuestionDisabled","","LS_sell_decis_hh","",""
"9930ca","QuestionDisabled","","LS_earnings","",""
"9930ca","QuestionDisabled","","LS_earnings_hh","",""
"9930ca","QuestionDisabled","","LS_decision_slaught","",""
"9930ca","QuestionDisabled","","LS_dec_slaught_hh","",""
"9930ca","QuestionDisabled","","LS_soldanimal_dec","",""
"9930ca","QuestionDisabled","","LS_soldanimal_dec_hh","",""
"9930ca","QuestionDisabled","","LS_earnanimal_dec","",""
"9930ca","QuestionDisabled","","LS_earnanimal_dec_hh","",""
"9930ca","QuestionDisabled","","LS_code_other","",""
"9930ca","QuestionDisabled","","LS_ownjointly_A","",""
"9930ca","QuestionDisabled","","LS_ownjointly_hh","",""
"9930ca","QuestionDisabled","","LS_manager_hh","",""
"9930ca","QuestionDisabled","","LS_vet_hh","",""
"9930ca","QuestionDisabled","","LS_consumed_decis","",""
"9930ca","QuestionDisabled","","LS_consumed_decis_hh","",""
"9930ca","QuestionDisabled","","LS_sell_decis","",""
"9930ca","QuestionDisabled","","LS_sell_decis_hh","",""
"9930ca","QuestionDisabled","","LS_earnings","",""
"9930ca","QuestionDisabled","","LS_earnings_hh","",""
"9930ca","QuestionDisabled","","LS_decision_slaught","",""
"9930ca","QuestionDisabled","","LS_dec_slaught_hh","",""
"9930ca","QuestionDisabled","","LS_soldanimal_dec","",""
"9930ca","QuestionDisabled","","LS_soldanimal_dec_hh","",""
"9930ca","QuestionDisabled","","LS_earnanimal_dec","",""
"9930ca","QuestionDisabled","","LS_earnanimal_dec_hh","",""
"9930ca","QuestionDisabled","","LS_code_other","",""
"9930ca","QuestionDisabled","","LS_ownjointly_A","",""
"9930ca","QuestionDisabled","","LS_ownjointly_hh","",""
"9930ca","QuestionDisabled","","LS_manager_hh","",""
"9930ca","QuestionDisabled","","LS_vet_hh","",""
"9930ca","QuestionDisabled","","LS_consumed_decis","",""
"9930ca","QuestionDisabled","","LS_consumed_decis_hh","",""
"9930ca","QuestionDisabled","","LS_sell_decis","",""
"9930ca","QuestionDisabled","","LS_sell_decis_hh","",""
"9930ca","QuestionDisabled","","LS_earnings","",""
"9930ca","QuestionDisabled","","LS_earnings_hh","",""
"9930ca","QuestionDisabled","","LS_decision_slaught","",""
"9930ca","QuestionDisabled","","LS_dec_slaught_hh","",""
"9930ca","QuestionDisabled","","LS_soldanimal_dec","",""
"9930ca","QuestionDisabled","","LS_soldanimal_dec_hh","",""
"9930ca","QuestionDisabled","","LS_earnanimal_dec","",""
"9930ca","QuestionDisabled","","LS_earnanimal_dec_hh","",""
"9930ca","QuestionDisabled","","LS_code_other","",""
"9930ca","QuestionDisabled","","LS_ownjointly_A","",""
"9930ca","QuestionDisabled","","LS_ownjointly_hh","",""
"9930ca","QuestionDisabled","","LS_manager_hh","",""
"9930ca","QuestionDisabled","","LS_vet_hh","",""
"9930ca","QuestionDisabled","","LS_consumed_decis","",""
"9930ca","QuestionDisabled","","LS_consumed_decis_hh","",""
"9930ca","QuestionDisabled","","LS_sell_decis","",""
"9930ca","QuestionDisabled","","LS_sell_decis_hh","",""
"9930ca","QuestionDisabled","","LS_earnings","",""
"9930ca","QuestionDisabled","","LS_earnings_hh","",""
"9930ca","QuestionDisabled","","LS_decision_slaught","",""
"9930ca","QuestionDisabled","","LS_dec_slaught_hh","",""
"9930ca","QuestionDisabled","","LS_soldanimal_dec","",""
"9930ca","QuestionDisabled","","LS_soldanimal_dec_hh","",""
"9930ca","QuestionDisabled","","LS_earnanimal_dec","",""
"9930ca","QuestionDisabled","","LS_earnanimal_dec_hh","",""
"9930ca","QuestionDisabled","","LS_code_other","",""
"9930ca","QuestionDisabled","","LS_ownjointly_A","",""
"9930ca","QuestionDisabled","","LS_ownjointly_hh","",""
"9930ca","QuestionDisabled","","LS_manager_hh","",""
"9930ca","QuestionDisabled","","LS_vet_hh","",""
"9930ca","QuestionDisabled","","LS_consumed_decis","",""
"9930ca","QuestionDisabled","","LS_consumed_decis_hh","",""
"9930ca","QuestionDisabled","","LS_sell_decis","",""
"9930ca","QuestionDisabled","","LS_sell_decis_hh","",""
"9930ca","QuestionDisabled","","LS_earnings","",""
"9930ca","QuestionDisabled","","LS_earnings_hh","",""
"9930ca","QuestionDisabled","","LS_decision_slaught","",""
"9930ca","QuestionDisabled","","LS_dec_slaught_hh","",""
"9930ca","QuestionDisabled","","LS_soldanimal_dec","",""
"9930ca","QuestionDisabled","","LS_soldanimal_dec_hh","",""
"9930ca","QuestionDisabled","","LS_earnanimal_dec","",""
"9930ca","QuestionDisabled","","LS_earnanimal_dec_hh","",""
"9930ca","QuestionDisabled","","LS_code_other","",""
"9930ca","QuestionDisabled","","LS_ownjointly_A","",""
"9930ca","QuestionDisabled","","LS_ownjointly_hh","",""
"9930ca","QuestionDisabled","","LS_manager_hh","",""
"9930ca","QuestionDisabled","","LS_vet_hh","",""
"9930ca","QuestionDisabled","","LS_consumed_decis","",""
"9930ca","QuestionDisabled","","LS_consumed_decis_hh","",""
"9930ca","QuestionDisabled","","LS_sell_decis","",""
"9930ca","QuestionDisabled","","LS_sell_decis_hh","",""
"9930ca","QuestionDisabled","","LS_earnings","",""
"9930ca","QuestionDisabled","","LS_earnings_hh","",""
"9930ca","QuestionDisabled","","LS_decision_slaught","",""
"9930ca","QuestionDisabled","","LS_dec_slaught_hh","",""
"9930ca","QuestionDisabled","","LS_soldanimal_dec","",""
"9930ca","QuestionDisabled","","LS_soldanimal_dec_hh","",""
"9930ca","QuestionDisabled","","LS_earnanimal_dec","",""
"9930ca","QuestionDisabled","","LS_earnanimal_dec_hh","",""
"9930ca","QuestionDisabled","","LS_code_other","",""
"9930ca","QuestionDisabled","","LS_ownjointly_A","",""
"9930ca","QuestionDisabled","","LS_ownjointly_hh","",""
"9930ca","QuestionDisabled","","LS_manager_hh","",""
"9930ca","QuestionDisabled","","LS_vet_hh","",""
"9930ca","QuestionDisabled","","LS_consumed_decis","",""
"9930ca","QuestionDisabled","","LS_consumed_decis_hh","",""
"9930ca","QuestionDisabled","","LS_sell_decis","",""
"9930ca","QuestionDisabled","","LS_sell_decis_hh","",""
"9930ca","QuestionDisabled","","LS_earnings","",""
"9930ca","QuestionDisabled","","LS_earnings_hh","",""
"9930ca","QuestionDisabled","","LS_decision_slaught","",""
"9930ca","QuestionDisabled","","LS_dec_slaught_hh","",""
"9930ca","QuestionDisabled","","LS_soldanimal_dec","",""
"9930ca","QuestionDisabled","","LS_soldanimal_dec_hh","",""
"9930ca","QuestionDisabled","","LS_earnanimal_dec","",""
"9930ca","QuestionDisabled","","LS_earnanimal_dec_hh","",""
"9930ca","QuestionDisabled","","LS_code_other","",""
"9930ca","QuestionDisabled","","LS_ownjointly_A","",""
"9930ca","QuestionDisabled","","LS_ownjointly_hh","",""
"9930ca","QuestionDisabled","","LS_manager_hh","",""
"9930ca","QuestionDisabled","","LS_vet_hh","",""
"9930ca","QuestionDisabled","","LS_consumed_decis","",""
"9930ca","QuestionDisabled","","LS_consumed_decis_hh","",""
"9930ca","QuestionDisabled","","LS_sell_decis","",""
"9930ca","QuestionDisabled","","LS_sell_decis_hh","",""
"9930ca","QuestionDisabled","","LS_earnings","",""
"9930ca","QuestionDisabled","","LS_earnings_hh","",""
"9930ca","QuestionDisabled","","LS_decision_slaught","",""
"9930ca","QuestionDisabled","","LS_dec_slaught_hh","",""
"9930ca","QuestionDisabled","","LS_soldanimal_dec","",""
"9930ca","QuestionDisabled","","LS_soldanimal_dec_hh","",""
"9930ca","QuestionDisabled","","LS_earnanimal_dec","",""
"9930ca","QuestionDisabled","","LS_earnanimal_dec_hh","",""
"9930ca","QuestionDisabled","","LS_code_other","",""
"9930ca","QuestionDisabled","","LS_ownjointly_A","",""
"9930ca","QuestionDisabled","","LS_ownjointly_hh","",""
"9930ca","QuestionDisabled","","LS_manager_hh","",""
"9930ca","QuestionDisabled","","LS_vet_hh","",""
"9930ca","QuestionDisabled","","LS_consumed_decis","",""
"9930ca","QuestionDisabled","","LS_consumed_decis_hh","",""
"9930ca","QuestionDisabled","","LS_sell_decis","",""
"9930ca","QuestionDisabled","","LS_sell_decis_hh","",""
"9930ca","QuestionDisabled","","LS_earnings","",""
"9930ca","QuestionDisabled","","LS_earnings_hh","",""
"9930ca","QuestionDisabled","","LS_decision_slaught","",""
"9930ca","QuestionDisabled","","LS_dec_slaught_hh","",""
"9930ca","QuestionDisabled","","LS_soldanimal_dec","",""
"9930ca","QuestionDisabled","","LS_soldanimal_dec_hh","",""
"9930ca","QuestionDisabled","","LS_earnanimal_dec","",""
"9930ca","QuestionDisabled","","LS_earnanimal_dec_hh","",""
"9930ca","QuestionDisabled","","LS_code_other","",""
"9930ca","QuestionDisabled","","LS_ownjointly_A","",""
"9930ca","QuestionDisabled","","LS_ownjointly_hh","",""
"9930ca","QuestionDisabled","","LS_manager_hh","",""
"9930ca","QuestionDisabled","","LS_vet_hh","",""
"9930ca","QuestionDisabled","","LS_consumed_decis","",""
"9930ca","QuestionDisabled","","LS_consumed_decis_hh","",""
"9930ca","QuestionDisabled","","LS_sell_decis","",""
"9930ca","QuestionDisabled","","LS_sell_decis_hh","",""
"9930ca","QuestionDisabled","","LS_earnings","",""
"9930ca","QuestionDisabled","","LS_earnings_hh","",""
"9930ca","QuestionDisabled","","LS_decision_slaught","",""
"9930ca","QuestionDisabled","","LS_dec_slaught_hh","",""
"9930ca","QuestionDisabled","","LS_soldanimal_dec","",""
"9930ca","QuestionDisabled","","LS_soldanimal_dec_hh","",""
"9930ca","QuestionDisabled","","LS_earnanimal_dec","",""
"9930ca","QuestionDisabled","","LS_earnanimal_dec_hh","",""
"9930ca","QuestionDisabled","","TIME_next_actother","",""
"9930ca","QuestionDisabled","","TIME_next_ag","",""
"9930ca","QuestionDisabled","","TIME_next_agsep","",""
"9930ca","QuestionDisabled","","TIME_next_agother","",""
"9930ca","QuestionDisabled","","TIME_next_sale","",""
"9930ca","QuestionDisabled","","TIME_next_children","",""
"9930ca","QuestionDisabled","","TIME_next_finish","",""
"9930ca","QuestionDisabled","","TIME_next_actother","",""
"9930ca","QuestionDisabled","","TIME_next_ag","",""
"9930ca","QuestionDisabled","","TIME_next_agsep","",""
"9930ca","QuestionDisabled","","TIME_next_agother","",""
"9930ca","QuestionDisabled","","TIME_next_sale","",""
"9930ca","QuestionDisabled","","TIME_next_children","",""
"9930ca","QuestionDisabled","","TIME_next_finish","",""
"9930ca","QuestionDisabled","","TIME_next_actother","",""
"9930ca","QuestionDisabled","","TIME_next_ag","",""
"9930ca","QuestionDisabled","","TIME_next_agsep","",""
"9930ca","QuestionDisabled","","TIME_next_agother","",""
"9930ca","QuestionDisabled","","TIME_next_sale","",""
"9930ca","QuestionDisabled","","TIME_next_children","",""
"9930ca","QuestionDisabled","","TIME_next_finish","",""
"9930ca","QuestionDisabled","","TIME_next_actother","",""
"9930ca","QuestionDisabled","","TIME_next_ag","",""
"9930ca","QuestionDisabled","","TIME_next_agsep","",""
"9930ca","QuestionDisabled","","TIME_next_agother","",""
"9930ca","QuestionDisabled","","TIME_next_sale","",""
"9930ca","QuestionDisabled","","TIME_next_children","",""
"9930ca","QuestionDisabled","","TIME_next_finish","",""
"9930ca","QuestionDisabled","","TIME_next_actother","",""
"9930ca","QuestionDisabled","","TIME_next_ag","",""
"9930ca","QuestionDisabled","","TIME_next_agsep","",""
"9930ca","QuestionDisabled","","TIME_next_agother","",""
"9930ca","QuestionDisabled","","TIME_next_sale","",""
"9930ca","QuestionDisabled","","TIME_next_children","",""
"9930ca","QuestionDisabled","","TIME_next_finish","",""
"9930ca","QuestionDisabled","","TIME_next_actother","",""
"9930ca","QuestionDisabled","","TIME_next_ag","",""
"9930ca","QuestionDisabled","","TIME_next_agsep","",""
"9930ca","QuestionDisabled","","TIME_next_agother","",""
"9930ca","QuestionDisabled","","TIME_next_sale","",""
"9930ca","QuestionDisabled","","TIME_next_children","",""
"9930ca","QuestionDisabled","","TIME_next_finish","",""
"9930ca","QuestionDisabled","","TIME_next_actother","",""
"9930ca","QuestionDisabled","","TIME_next_ag","",""
"9930ca","QuestionDisabled","","TIME_next_agsep","",""
"9930ca","QuestionDisabled","","TIME_next_agother","",""
"9930ca","QuestionDisabled","","TIME_next_sale","",""
"9930ca","QuestionDisabled","","TIME_next_children","",""
"9930ca","QuestionDisabled","","TIME_next_finish","",""
"9930ca","QuestionDisabled","","TIME_next_actother","",""
"9930ca","QuestionDisabled","","TIME_next_ag","",""
"9930ca","QuestionDisabled","","TIME_next_agsep","",""
"9930ca","QuestionDisabled","","TIME_next_agother","",""
"9930ca","QuestionDisabled","","TIME_next_sale","",""
"9930ca","QuestionDisabled","","TIME_next_children","",""
"9930ca","QuestionDisabled","","TIME_next_finish","",""
"9930ca","QuestionDisabled","","TIME_next_actother","",""
"9930ca","QuestionDisabled","","TIME_next_ag","",""
"9930ca","QuestionDisabled","","TIME_next_agsep","",""
"9930ca","QuestionDisabled","","TIME_next_agother","",""
"9930ca","QuestionDisabled","","TIME_next_sale","",""
"9930ca","QuestionDisabled","","TIME_next_children","",""
"9930ca","QuestionDisabled","","TIME_next_finish","",""
"9930ca","QuestionDisabled","","TIME_next_actother","",""
"9930ca","QuestionDisabled","","TIME_next_ag","",""
"9930ca","QuestionDisabled","","TIME_next_agsep","",""
"9930ca","QuestionDisabled","","TIME_next_agother","",""
"9930ca","QuestionDisabled","","TIME_next_sale","",""
"9930ca","QuestionDisabled","","TIME_next_children","",""
"9930ca","QuestionDisabled","","TIME_next_finish","",""
"9930ca","QuestionDisabled","","TIME_next_actother","",""
"9930ca","QuestionDisabled","","TIME_next_ag","",""
"9930ca","QuestionDisabled","","TIME_next_agsep","",""
"9930ca","QuestionDisabled","","TIME_next_agother","",""
"9930ca","QuestionDisabled","","TIME_next_sale","",""
"9930ca","QuestionDisabled","","TIME_next_children","",""
"9930ca","QuestionDisabled","","TIME_next_finish","",""
"9930ca","QuestionDisabled","","TIME_next_actother","",""
"9930ca","QuestionDisabled","","TIME_next_ag","",""
"9930ca","QuestionDisabled","","TIME_next_agsep","",""
"9930ca","QuestionDisabled","","TIME_next_agother","",""
"9930ca","QuestionDisabled","","TIME_next_sale","",""
"9930ca","QuestionDisabled","","TIME_next_children","",""
"9930ca","QuestionDisabled","","TIME_next_finish","",""
"9930ca","QuestionDisabled","","TIME_next_actother","",""
"9930ca","QuestionDisabled","","TIME_next_ag","",""
"9930ca","QuestionDisabled","","TIME_next_agsep","",""
"9930ca","QuestionDisabled","","TIME_next_agother","",""
"9930ca","QuestionDisabled","","TIME_next_sale","",""
"9930ca","QuestionDisabled","","TIME_next_children","",""
"9930ca","QuestionDisabled","","TIME_next_finish","",""
"9930ca","QuestionDisabled","","TIME_next_actother","",""
"9930ca","QuestionDisabled","","TIME_next_ag","",""
"9930ca","QuestionDisabled","","TIME_next_agsep","",""
"9930ca","QuestionDisabled","","TIME_next_agother","",""
"9930ca","QuestionDisabled","","TIME_next_sale","",""
"9930ca","QuestionDisabled","","TIME_next_children","",""
"9930ca","QuestionDisabled","","TIME_next_finish","",""
"9930ca","QuestionDisabled","","TIME_next_actother","",""
"9930ca","QuestionDisabled","","TIME_next_ag","",""
"9930ca","QuestionDisabled","","TIME_next_agsep","",""
"9930ca","QuestionDisabled","","TIME_next_agother","",""
"9930ca","QuestionDisabled","","TIME_next_sale","",""
"9930ca","QuestionDisabled","","TIME_next_children","",""
"9930ca","QuestionDisabled","","TIME_next_finish","",""
"9930ca","QuestionDisabled","","TIME_next_actother","",""
"9930ca","QuestionDisabled","","TIME_next_ag","",""
"9930ca","QuestionDisabled","","TIME_next_agsep","",""
"9930ca","QuestionDisabled","","TIME_next_agother","",""
"9930ca","QuestionDisabled","","TIME_next_sale","",""
"9930ca","QuestionDisabled","","TIME_next_children","",""
"9930ca","QuestionDisabled","","TIME_next_finish","",""
"9930ca","QuestionDisabled","","TIME_next_actother","",""
"9930ca","QuestionDisabled","","TIME_next_ag","",""
"9930ca","QuestionDisabled","","TIME_next_agsep","",""
"9930ca","QuestionDisabled","","TIME_next_agother","",""
"9930ca","QuestionDisabled","","TIME_next_sale","",""
"9930ca","QuestionDisabled","","TIME_next_children","",""
"9930ca","QuestionDisabled","","TIME_next_finish","",""
"9930ca","QuestionDisabled","","TIME_next_actother","",""
"9930ca","QuestionDisabled","","TIME_next_ag","",""
"9930ca","QuestionDisabled","","TIME_next_agsep","",""
"9930ca","QuestionDisabled","","TIME_next_agother","",""
"9930ca","QuestionDisabled","","TIME_next_sale","",""
"9930ca","QuestionDisabled","","TIME_next_children","",""
"9930ca","QuestionDisabled","","TIME_next_finish","",""
"9930ca","QuestionDisabled","","TIME_next_actother","",""
"9930ca","QuestionDisabled","","TIME_next_ag","",""
"9930ca","QuestionDisabled","","TIME_next_agsep","",""
"9930ca","QuestionDisabled","","TIME_next_agother","",""
"9930ca","QuestionDisabled","","TIME_next_sale","",""
"9930ca","QuestionDisabled","","TIME_next_children","",""
"9930ca","QuestionDisabled","","TIME_next_finish","",""
"9930ca","QuestionDisabled","","TIME_next_actother","",""
"9930ca","QuestionDisabled","","TIME_next_ag","",""
"9930ca","QuestionDisabled","","TIME_next_agsep","",""
"9930ca","QuestionDisabled","","TIME_next_agother","",""
"9930ca","QuestionDisabled","","TIME_next_sale","",""
"9930ca","QuestionDisabled","","TIME_next_children","",""
"9930ca","QuestionDisabled","","TIME_next_finish","",""
"9930ca","QuestionDisabled","","TIME_next_actother","",""
"9930ca","QuestionDisabled","","TIME_next_ag","",""
"9930ca","QuestionDisabled","","TIME_next_agsep","",""
"9930ca","QuestionDisabled","","TIME_next_agother","",""
"9930ca","QuestionDisabled","","TIME_next_sale","",""
"9930ca","QuestionDisabled","","TIME_next_children","",""
"9930ca","QuestionDisabled","","TIME_next_finish","",""
"9930ca","QuestionDisabled","","TIME_next_actother","",""
"9930ca","QuestionDisabled","","TIME_next_ag","",""
"9930ca","QuestionDisabled","","TIME_next_agsep","",""
"9930ca","QuestionDisabled","","TIME_next_agother","",""
"9930ca","QuestionDisabled","","TIME_next_sale","",""
"9930ca","QuestionDisabled","","TIME_next_children","",""
"9930ca","QuestionDisabled","","TIME_next_finish","",""
"9930ca","QuestionDisabled","","TIME_next_actother","",""
"9930ca","QuestionDisabled","","TIME_next_ag","",""
"9930ca","QuestionDisabled","","TIME_next_agsep","",""
"9930ca","QuestionDisabled","","TIME_next_agother","",""
"9930ca","QuestionDisabled","","TIME_next_sale","",""
"9930ca","QuestionDisabled","","TIME_next_children","",""
"9930ca","QuestionDisabled","","TIME_next_finish","",""
"9930ca","QuestionDisabled","","TIME_next_actother","",""
"9930ca","QuestionDisabled","","TIME_next_ag","",""
"9930ca","QuestionDisabled","","TIME_next_agsep","",""
"9930ca","QuestionDisabled","","TIME_next_agother","",""
"9930ca","QuestionDisabled","","TIME_next_sale","",""
"9930ca","QuestionDisabled","","TIME_next_children","",""
"9930ca","QuestionDisabled","","TIME_next_finish","",""
"9930ca","QuestionDisabled","","TIME_next_actother","",""
"9930ca","QuestionDisabled","","TIME_next_ag","",""
"9930ca","QuestionDisabled","","TIME_next_agsep","",""
"9930ca","QuestionDisabled","","TIME_next_agother","",""
"9930ca","QuestionDisabled","","TIME_next_sale","",""
"9930ca","QuestionDisabled","","TIME_next_children","",""
"9930ca","QuestionDisabled","","TIME_next_finish","",""
"9930ca","QuestionDisabled","","TIME_next_actother","",""
"9930ca","QuestionDisabled","","TIME_next_ag","",""
"9930ca","QuestionDisabled","","TIME_next_agsep","",""
"9930ca","QuestionDisabled","","TIME_next_agother","",""
"9930ca","QuestionDisabled","","TIME_next_sale","",""
"9930ca","QuestionDisabled","","TIME_next_children","",""
"9930ca","QuestionDisabled","","TIME_next_finish","",""
"9930ca","QuestionDisabled","","TIME_next_actother","",""
"9930ca","QuestionDisabled","","TIME_next_ag","",""
"9930ca","QuestionDisabled","","TIME_next_agsep","",""
"9930ca","QuestionDisabled","","TIME_next_agother","",""
"9930ca","QuestionDisabled","","TIME_next_sale","",""
"9930ca","QuestionDisabled","","TIME_next_children","",""
"9930ca","QuestionDisabled","","TIME_next_finish","",""
"9930ca","QuestionDisabled","","TIME_next_actother","",""
"9930ca","QuestionDisabled","","TIME_next_ag","",""
"9930ca","QuestionDisabled","","TIME_next_agsep","",""
"9930ca","QuestionDisabled","","TIME_next_agother","",""
"9930ca","QuestionDisabled","","TIME_next_sale","",""
"9930ca","QuestionDisabled","","TIME_next_children","",""
"9930ca","QuestionDisabled","","TIME_next_finish","",""
"9930ca","QuestionDisabled","","TIME_next_actother","",""
"9930ca","QuestionDisabled","","TIME_next_ag","",""
"9930ca","QuestionDisabled","","TIME_next_agsep","",""
"9930ca","QuestionDisabled","","TIME_next_agother","",""
"9930ca","QuestionDisabled","","TIME_next_sale","",""
"9930ca","QuestionDisabled","","TIME_next_children","",""
"9930ca","QuestionDisabled","","TIME_next_finish","",""
"9930ca","QuestionDisabled","","TIME_next_actother","",""
"9930ca","QuestionDisabled","","TIME_next_ag","",""
"9930ca","QuestionDisabled","","TIME_next_agsep","",""
"9930ca","QuestionDisabled","","TIME_next_agother","",""
"9930ca","QuestionDisabled","","TIME_next_sale","",""
"9930ca","QuestionDisabled","","TIME_next_children","",""
"9930ca","QuestionDisabled","","TIME_next_finish","",""
"9930ca","QuestionDisabled","","TIME_next_actother","",""
"9930ca","QuestionDisabled","","TIME_next_ag","",""
"9930ca","QuestionDisabled","","TIME_next_agsep","",""
"9930ca","QuestionDisabled","","TIME_next_agother","",""
"9930ca","QuestionDisabled","","TIME_next_sale","",""
"9930ca","QuestionDisabled","","TIME_next_children","",""
"9930ca","QuestionDisabled","","TIME_next_finish","",""
"9930ca","QuestionDisabled","","TIME_next_actother","",""
"9930ca","QuestionDisabled","","TIME_next_ag","",""
"9930ca","QuestionDisabled","","TIME_next_agsep","",""
"9930ca","QuestionDisabled","","TIME_next_agother","",""
"9930ca","QuestionDisabled","","TIME_next_sale","",""
"9930ca","QuestionDisabled","","TIME_next_children","",""
"9930ca","QuestionDisabled","","TIME_next_finish","",""
"9930ca","QuestionDisabled","","TIME_next_actother","",""
"9930ca","QuestionDisabled","","TIME_next_ag","",""
"9930ca","QuestionDisabled","","TIME_next_agsep","",""
"9930ca","QuestionDisabled","","TIME_next_agother","",""
"9930ca","QuestionDisabled","","TIME_next_sale","",""
"9930ca","QuestionDisabled","","TIME_next_children","",""
"9930ca","QuestionDisabled","","TIME_next_finish","",""
"9930ca","QuestionDisabled","","TIME_next_actother","",""
"9930ca","QuestionDisabled","","TIME_next_ag","",""
"9930ca","QuestionDisabled","","TIME_next_agsep","",""
"9930ca","QuestionDisabled","","TIME_next_agother","",""
"9930ca","QuestionDisabled","","TIME_next_sale","",""
"9930ca","QuestionDisabled","","TIME_next_children","",""
"9930ca","QuestionDisabled","","TIME_next_finish","",""
"9930ca","QuestionDeclaredValid","","LS_number","",""
"9930ca","QuestionDeclaredValid","","LS_number","",""
"9930ca","QuestionDeclaredValid","","LS_number","",""
"9930ca","QuestionDeclaredValid","","LS_number","",""
"9930ca","QuestionDeclaredValid","","LS_number","",""
"9930ca","QuestionDeclaredValid","","LS_number","",""
"9930ca","QuestionDeclaredValid","","LS_number","",""
"9930ca","QuestionDeclaredValid","","LS_number","",""
"9930ca","QuestionDeclaredValid","","LS_number","",""
"9930ca","QuestionDeclaredValid","","LS_number","",""
"9930ca","QuestionDeclaredValid","","LS_number","",""
"9930ca","QuestionDeclaredValid","","LS_number","",""
"9930ca","QuestionDeclaredValid","","LS_number","",""
"9930ca","SupervisorAssigned","Headquarters","","09/12/2016","07:47:56"
"9930ca","InterviewerAssigned","Sup_Mugonza","Mugonza_DFT","09/13/2016","02:38:00"
"9930ca","InterviewerAssigned","Sup_Mugonza","Ssebaggala_DFT","09/13/2016","02:56:16"
"9930ca","ReceivedByInterviewer","","","09/13/2016","02:57:47"
"9930ca","AnswerSet","Ssebaggala_DFT","GPS","09/13/2016","10:12:18"
"9930ca","AnswerSet","Ssebaggala_DFT","household_address","09/13/2016","10:12:55"
"9930ca","AnswerSet","Ssebaggala_DFT","lead_enumerator","09/13/2016","10:13:00"
"9930ca","AnswerSet","Ssebaggala_DFT","respondent_1","09/13/2016","10:13:43"
"9930ca","AnswerSet","Ssebaggala_DFT","respondent_1_holder","09/13/2016","10:13:46"
"9930ca","AnswerSet","Ssebaggala_DFT","respondent_2","09/13/2016","10:14:32"
"9930ca","AnswerSet","Ssebaggala_DFT","respondent_num","09/13/2016","10:14:37"
"9930ca","AnswerSet","Ssebaggala_DFT","available_now","09/13/2016","10:14:41"
"9930ca","AnswerSet","Ssebaggala_DFT","name_contact1","09/13/2016","10:15:04"
"9930ca","AnswerSet","Ssebaggala_DFT","relationship_contact1","09/13/2016","10:15:10"
"9930ca","AnswerSet","Ssebaggala_DFT","phone_contact1","09/13/2016","10:15:28"
"9930ca","AnswerSet","Ssebaggala_DFT","phone_contact1","09/13/2016","10:15:34"
"9930ca","AnswerSet","Ssebaggala_DFT","name_contact2","09/13/2016","10:15:53"
"9930ca","AnswerSet","Ssebaggala_DFT","relationship_contact2","09/13/2016","10:15:59"
"9930ca","AnswerSet","Ssebaggala_DFT","phone_contact2","09/13/2016","10:16:18"
"9930ca","AnswerSet","Ssebaggala_DFT","consent_respondent_1","09/13/2016","10:16:25"
"9930ca","AnswerSet","Ssebaggala_DFT","consent_respondent_2","09/13/2016","10:16:27"
"9930ca","AnswerSet","Ssebaggala_DFT","Lead","09/13/2016","10:16:34"
"9930ca","AnswerSet","Ssebaggala_DFT","DL_accom","09/13/2016","10:16:40"
"9930ca","AnswerSet","Ssebaggala_DFT","DL_rooms","09/13/2016","10:16:52"
"9930ca","AnswerSet","Ssebaggala_DFT","DL_light","09/13/2016","10:17:03"
"9930ca","AnswerSet","Ssebaggala_DFT","DL_water","09/13/2016","10:17:14"
"9930ca","AnswerSet","Ssebaggala_DFT","DL_location","09/13/2016","10:17:18"
"9930ca","AnswerSet","Ssebaggala_DFT","DL_toilet","09/13/2016","10:17:27"
"9930ca","AnswerSet","Ssebaggala_DFT","DL_toilet","09/13/2016","10:17:30"
"9930ca","AnswerSet","Ssebaggala_DFT","DL_floor","09/13/2016","10:17:37"
"9930ca","AnswerSet","Ssebaggala_DFT","DL_walls","09/13/2016","10:17:45"
"9930ca","AnswerSet","Ssebaggala_DFT","DL_roof","09/13/2016","10:17:51"
"9930ca","AnswerSet","Ssebaggala_DFT","HH_member","09/13/2016","10:18:21"
"9930ca","AnswerSet","Ssebaggala_DFT","HH_member","09/13/2016","10:18:34"
"9930ca","AnswerSet","Ssebaggala_DFT","HH_member","09/13/2016","10:18:48"
"9930ca","AnswerSet","Ssebaggala_DFT","HH_member","09/13/2016","10:19:09"
"9930ca","AnswerSet","Ssebaggala_DFT","HH_member","09/13/2016","10:19:25"
"9930ca","AnswerSet","Ssebaggala_DFT","HH_member","09/13/2016","10:19:54"
"9930ca","AnswerSet","Ssebaggala_DFT","HH_member","09/13/2016","10:20:13"
"9930ca","AnswerSet","Ssebaggala_DFT","HH_relation","09/13/2016","10:20:30"
"9930ca","AnswerSet","Ssebaggala_DFT","HH_sex","09/13/2016","10:20:35"
"9930ca","AnswerSet","Ssebaggala_DFT","HH_age","09/13/2016","10:20:43"
"9930ca","AnswerSet","Ssebaggala_DFT","HH_away","09/13/2016","10:20:54"
"9930ca","AnswerSet","Ssebaggala_DFT","HH_ed","09/13/2016","10:20:57"
"9930ca","AnswerSet","Ssebaggala_DFT","HH_marital","09/13/2016","10:21:06"
"9930ca","AnswerSet","Ssebaggala_DFT","HH_marital","09/13/2016","10:21:10"
"9930ca","AnswerSet","Ssebaggala_DFT","HH_spouse","09/13/2016","10:21:15"
"9930ca","AnswerSet","Ssebaggala_DFT","LL_ag_activity","09/13/2016","10:21:17"
"9930ca","AnswerSet","Ssebaggala_DFT","LL_ag_wage","09/13/2016","10:21:23"
"9930ca","AnswerSet","Ssebaggala_DFT","LL_nonag_wage","09/13/2016","10:21:33"
"9930ca","AnswerSet","Ssebaggala_DFT","LL_nonag_bus","09/13/2016","10:21:34"
"9930ca","AnswerSet","Ssebaggala_DFT","HH_relation","09/13/2016","10:21:59"
"9930ca","AnswerSet","Ssebaggala_DFT","HH_sex","09/13/2016","10:22:04"
"9930ca","AnswerSet","Ssebaggala_DFT","HH_age","09/13/2016","10:22:09"
"9930ca","AnswerSet","Ssebaggala_DFT","HH_away","09/13/2016","10:22:14"
"9930ca","AnswerSet","Ssebaggala_DFT","HH_ed","09/13/2016","10:22:34"
"9930ca","AnswerSet","Ssebaggala_DFT","LL_ag_activity","09/13/2016","10:22:37"
"9930ca","AnswerSet","Ssebaggala_DFT","LL_ag_wage","09/13/2016","10:22:54"
"9930ca","AnswerSet","Ssebaggala_DFT","LL_nonag_wage","09/13/2016","10:22:55"
"9930ca","AnswerSet","Ssebaggala_DFT","LL_nonag_bus","09/13/2016","10:22:57"
"9930ca","AnswerSet","Ssebaggala_DFT","HH_relation","09/13/2016","10:23:13"
"9930ca","AnswerSet","Ssebaggala_DFT","HH_sex","09/13/2016","10:23:16"
"9930ca","AnswerSet","Ssebaggala_DFT","HH_age","09/13/2016","10:23:24"
"9930ca","AnswerSet","Ssebaggala_DFT","HH_away","09/13/2016","10:23:31"
"9930ca","AnswerSet","Ssebaggala_DFT","HH_ed","09/13/2016","10:23:44"
"9930ca","AnswerSet","Ssebaggala_DFT","HH_marital","09/13/2016","10:23:49"
"9930ca","AnswerSet","Ssebaggala_DFT","LL_ag_activity","09/13/2016","10:23:53"
"9930ca","AnswerSet","Ssebaggala_DFT","LL_ag_wage","09/13/2016","10:23:56"
"9930ca","AnswerSet","Ssebaggala_DFT","LL_nonag_wage","09/13/2016","10:24:11"
"9930ca","AnswerSet","Ssebaggala_DFT","LL_nonag_bus","09/13/2016","10:24:29"
"9930ca","AnswerSet","Ssebaggala_DFT","HH_relation","09/13/2016","10:24:37"
"9930ca","AnswerSet","Ssebaggala_DFT","HH_sex","09/13/2016","10:24:41"
"9930ca","AnswerSet","Ssebaggala_DFT","HH_age","09/13/2016","10:24:45"
"9930ca","AnswerSet","Ssebaggala_DFT","HH_away","09/13/2016","10:24:50"
"9930ca","AnswerSet","Ssebaggala_DFT","HH_ed","09/13/2016","10:24:58"
"9930ca","AnswerSet","Ssebaggala_DFT","LL_ag_activity","09/13/2016","10:25:03"
"9930ca","AnswerSet","Ssebaggala_DFT","LL_ag_wage","09/13/2016","10:25:11"
"9930ca","AnswerSet","Ssebaggala_DFT","LL_nonag_wage","09/13/2016","10:25:15"
"9930ca","AnswerSet","Ssebaggala_DFT","HH_relation","09/13/2016","10:25:21"
"9930ca","AnswerSet","Ssebaggala_DFT","HH_sex","09/13/2016","10:25:24"
"9930ca","AnswerSet","Ssebaggala_DFT","HH_age","09/13/2016","10:25:30"
"9930ca","AnswerSet","Ssebaggala_DFT","HH_away","09/13/2016","10:25:40"
"9930ca","AnswerSet","Ssebaggala_DFT","HH_ed","09/13/2016","10:25:44"
"9930ca","AnswerSet","Ssebaggala_DFT","HH_relation","09/13/2016","10:25:56"
"9930ca","AnswerSet","Ssebaggala_DFT","HH_sex","09/13/2016","10:25:59"
"9930ca","AnswerSet","Ssebaggala_DFT","HH_age","09/13/2016","10:26:02"
"9930ca","AnswerSet","Ssebaggala_DFT","HH_away","09/13/2016","10:26:06"
"9930ca","AnswerSet","Ssebaggala_DFT","HH_ed","09/13/2016","10:26:08"
"9930ca","AnswerSet","Ssebaggala_DFT","LL_ag_activity","09/13/2016","10:26:11"
"9930ca","AnswerSet","Ssebaggala_DFT","LL_ag_wage","09/13/2016","10:26:13"
"9930ca","AnswerSet","Ssebaggala_DFT","LL_nonag_wage","09/13/2016","10:26:15"
"9930ca","AnswerSet","Ssebaggala_DFT","HH_relation","09/13/2016","10:26:37"
"9930ca","AnswerSet","Ssebaggala_DFT","HH_sex","09/13/2016","10:26:41"
"9930ca","AnswerSet","Ssebaggala_DFT","HH_age","09/13/2016","10:26:43"
"9930ca","AnswerSet","Ssebaggala_DFT","HH_away","09/13/2016","10:26:48"
"9930ca","AnswerSet","Ssebaggala_DFT","HH_ed","09/13/2016","10:26:54"
"9930ca","AnswerSet","Ssebaggala_DFT","PAR_name","09/13/2016","10:28:31"
"9930ca","AnswerSet","Ssebaggala_DFT","PAR_area","09/13/2016","10:28:50"
"9930ca","AnswerSet","Ssebaggala_DFT","PAR_areaunit","09/13/2016","10:28:51"
"9930ca","AnswerSet","Ssebaggala_DFT","PAR_dwell","09/13/2016","10:28:55"
"9930ca","AnswerSet","Ssebaggala_DFT","PAR_year","09/13/2016","10:29:18"
"9930ca","AnswerSet","Ssebaggala_DFT","PAR_acquire","09/13/2016","10:29:28"
"9930ca","AnswerSet","Ssebaggala_DFT","PAR_numplots","09/13/2016","10:29:35"
"9930ca","AnswerSet","Ssebaggala_DFT","PLOT_nam","09/13/2016","10:29:51"
"9930ca","AnswerSet","Ssebaggala_DFT","PLOT_nam","09/13/2016","10:30:06"
"9930ca","AnswerSet","Ssebaggala_DFT","PART2_respondent","09/13/2016","10:30:44"
"9930ca","AnswerSet","Ssebaggala_DFT","PART2_priv","09/13/2016","10:30:48"
"9930ca","AnswerSet","Ssebaggala_DFT","PAR_owner","09/13/2016","10:31:02"
"9930ca","AnswerSet","Ssebaggala_DFT","PAR_ownjointly_A","09/13/2016","10:31:05"
"9930ca","AnswerSet","Ssebaggala_DFT","PAR_ownjointly_hh","09/13/2016","10:31:08"
"9930ca","AnswerSet","Ssebaggala_DFT","PAR_ownjointly_hh","09/13/2016","10:31:09"
"9930ca","AnswerSet","Ssebaggala_DFT","PAR_decision_perm","09/13/2016","10:31:17"
"9930ca","AnswerSet","Ssebaggala_DFT","PAR_decision_act","09/13/2016","10:31:19"
"9930ca","AnswerSet","Ssebaggala_DFT","PAR_decision_act_A","09/13/2016","10:31:24"
"9930ca","AnswerSet","Ssebaggala_DFT","PAR_decision_act_hh","09/13/2016","10:31:29"
"9930ca","AnswerSet","Ssebaggala_DFT","PLOT_cultivated","09/13/2016","10:31:36"
"9930ca","AnswerSet","Ssebaggala_DFT","PLOT_decision","09/13/2016","10:31:40"
"9930ca","AnswerSet","Ssebaggala_DFT","PLOT_decision_hh","09/13/2016","10:31:42"
"9930ca","AnswerSet","Ssebaggala_DFT","PLOT_finance","09/13/2016","10:31:53"
"9930ca","AnswerSet","Ssebaggala_DFT","PLOT_finance_hh","09/13/2016","10:31:55"
"9930ca","AnswerSet","Ssebaggala_DFT","CROP_code","09/13/2016","10:32:09"
"9930ca","AnswerSet","Ssebaggala_DFT","CROP_harvest","09/13/2016","10:32:18"
"9930ca","AnswerSet","Ssebaggala_DFT","CROP_decisionsell","09/13/2016","10:32:21"
"9930ca","AnswerSet","Ssebaggala_DFT","CROP_decisionsell_hh","09/13/2016","10:32:24"
"9930ca","AnswerSet","Ssebaggala_DFT","CROP_sell","09/13/2016","10:32:27"
"9930ca","AnswerSet","Ssebaggala_DFT","CROP_consume_amount","09/13/2016","10:32:35"
"9930ca","AnswerSet","Ssebaggala_DFT","PLOT_cultivated","09/13/2016","10:32:46"
"9930ca","AnswerSet","Ssebaggala_DFT","PLOT_decision","09/13/2016","10:32:54"
"9930ca","AnswerSet","Ssebaggala_DFT","PLOT_decision_hh","09/13/2016","10:32:57"
"9930ca","AnswerSet","Ssebaggala_DFT","PLOT_finance","09/13/2016","10:33:03"
"9930ca","AnswerSet","Ssebaggala_DFT","PLOT_finance_hh","09/13/2016","10:33:08"
"9930ca","AnswerSet","Ssebaggala_DFT","CROP_code","09/13/2016","10:33:35"
"9930ca","AnswerSet","Ssebaggala_DFT","CROP_code","09/13/2016","10:33:38"
"9930ca","AnswerSet","Ssebaggala_DFT","CROP_code","09/13/2016","10:33:46"
"9930ca","AnswerSet","Ssebaggala_DFT","CROP_harvest","09/13/2016","10:33:54"
"9930ca","AnswerSet","Ssebaggala_DFT","CROP_decisionsell","09/13/2016","10:33:57"
"9930ca","AnswerSet","Ssebaggala_DFT","CROP_decisionsell_hh","09/13/2016","10:33:59"
"9930ca","AnswerSet","Ssebaggala_DFT","CROP_sell","09/13/2016","10:34:02"
"9930ca","AnswerSet","Ssebaggala_DFT","CROP_sell","09/13/2016","10:34:06"
"9930ca","AnswerSet","Ssebaggala_DFT","CROP_decisionearn","09/13/2016","10:34:09"
"9930ca","AnswerSet","Ssebaggala_DFT","CROP_decisionearn_hh","09/13/2016","10:34:13"
"9930ca","AnswerSet","Ssebaggala_DFT","CROP_consume_amount","09/13/2016","10:34:28"
"9930ca","AnswerSet","Ssebaggala_DFT","CROP_harvest","09/13/2016","10:34:42"
"9930ca","AnswerSet","Ssebaggala_DFT","CROP_harvest","09/13/2016","10:34:54"
"9930ca","AnswerSet","Ssebaggala_DFT","LS_any","09/13/2016","10:35:25"
"9930ca","AnswerSet","Ssebaggala_DFT","LS_number","09/13/2016","10:35:29"
"9930ca","AnswerSet","Ssebaggala_DFT","LS_owner","09/13/2016","10:35:35"
"9930ca","AnswerSet","Ssebaggala_DFT","LS_ownjointly_A","09/13/2016","10:35:38"
"9930ca","AnswerSet","Ssebaggala_DFT","LS_ownjointly_hh","09/13/2016","10:35:41"
"9930ca","AnswerSet","Ssebaggala_DFT","LS_ownjointly_hh","09/13/2016","10:35:41"
"9930ca","AnswerSet","Ssebaggala_DFT","LS_ownjointly_hh","09/13/2016","10:35:42"
"9930ca","AnswerSet","Ssebaggala_DFT","LS_ownjointly_hh","09/13/2016","10:35:43"
"9930ca","AnswerSet","Ssebaggala_DFT","LS_manager","09/13/2016","10:35:46"
"9930ca","AnswerSet","Ssebaggala_DFT","LS_manager_hh","09/13/2016","10:36:01"
"9930ca","AnswerSet","Ssebaggala_DFT","LS_vet","09/13/2016","10:36:04"
"9930ca","AnswerSet","Ssebaggala_DFT","LS_vet_hh","09/13/2016","10:36:08"
"9930ca","AnswerSet","Ssebaggala_DFT","LS_consumed_home","09/13/2016","10:36:14"
"9930ca","AnswerSet","Ssebaggala_DFT","LS_consumed_decis","09/13/2016","10:36:18"
"9930ca","AnswerSet","Ssebaggala_DFT","LS_consumed_decis_hh","09/13/2016","10:36:22"
"9930ca","AnswerSet","Ssebaggala_DFT","LS_sold","09/13/2016","10:36:33"
"9930ca","AnswerSet","Ssebaggala_DFT","LS_sell_decis","09/13/2016","10:36:37"
"9930ca","AnswerSet","Ssebaggala_DFT","LS_sell_decis_hh","09/13/2016","10:36:41"
"9930ca","AnswerSet","Ssebaggala_DFT","LS_earnings","09/13/2016","10:36:45"
"9930ca","AnswerSet","Ssebaggala_DFT","LS_earnings_hh","09/13/2016","10:36:49"
"9930ca","AnswerSet","Ssebaggala_DFT","LS_slaughtered","09/13/2016","10:36:53"
"9930ca","AnswerSet","Ssebaggala_DFT","LS_decision_slaught","09/13/2016","10:36:56"
"9930ca","AnswerSet","Ssebaggala_DFT","LS_dec_slaught_hh","09/13/2016","10:37:06"
"9930ca","AnswerSet","Ssebaggala_DFT","LS_soldanimal","09/13/2016","10:37:17"
"9930ca","AnswerSet","Ssebaggala_DFT","LS_soldanimal","09/13/2016","10:37:21"
"9930ca","AnswerSet","Ssebaggala_DFT","Time_stamp1","09/13/2016","10:37:52"
"9930ca","AnswerSet","Ssebaggala_DFT","TIME_wake","09/13/2016","10:38:09"
"9930ca","AnswerSet","Ssebaggala_DFT","TIME_morning1","09/13/2016","10:38:20"
"9930ca","AnswerSet","Ssebaggala_DFT","TIME_morning1_children","09/13/2016","10:38:45"
"9930ca","AnswerSet","Ssebaggala_DFT","TIME_morning1_finish","09/13/2016","10:38:59"
"9930ca","AnswerSet","Ssebaggala_DFT","TIME_next","09/13/2016","10:39:11"
"9930ca","AnswerSet","Ssebaggala_DFT","TIME_next_children","09/13/2016","10:39:15"
"9930ca","AnswerSet","Ssebaggala_DFT","TIME_next_finish","09/13/2016","10:39:24"
"9930ca","AnswerSet","Ssebaggala_DFT","TIME_next","09/13/2016","10:40:06"
"9930ca","AnswerSet","Ssebaggala_DFT","TIME_next_ag","09/13/2016","10:40:13"
"9930ca","AnswerSet","Ssebaggala_DFT","TIME_next_agsep","09/13/2016","10:40:19"
"9930ca","AnswerSet","Ssebaggala_DFT","TIME_next_agsep","09/13/2016","10:40:21"
"9930ca","AnswerSet","Ssebaggala_DFT","TIME_next_children","09/13/2016","10:40:25"
"9930ca","AnswerSet","Ssebaggala_DFT","TIME_next_finish","09/13/2016","10:40:41"
"9930ca","AnswerSet","Ssebaggala_DFT","TIME_next","09/13/2016","10:41:09"
"9930ca","AnswerSet","Ssebaggala_DFT","TIME_next_children","09/13/2016","10:41:14"
"9930ca","AnswerSet","Ssebaggala_DFT","TIME_next_finish","09/13/2016","10:41:20"
"9930ca","AnswerSet","Ssebaggala_DFT","TIME_next","09/13/2016","10:41:32"
"9930ca","AnswerSet","Ssebaggala_DFT","TIME_next_finish","09/13/2016","10:42:33"
"9930ca","AnswerSet","Ssebaggala_DFT","TIME_next","09/13/2016","10:42:59"
"9930ca","AnswerSet","Ssebaggala_DFT","TIME_next_finish","09/13/2016","10:43:29"
"9930ca","AnswerSet","Ssebaggala_DFT","TIME_next_children","09/13/2016","10:43:35"
"9930ca","AnswerRemoved","Ssebaggala_DFT","fb5a1edb0e964a2e8535bba41220fb90","09/13/2016","10:44:12"
"9930ca","AnswerSet","Ssebaggala_DFT","TIME_next_finish","09/13/2016","10:44:26"
"9930ca","AnswerSet","Ssebaggala_DFT","TIME_next","09/13/2016","10:44:47"
"9930ca","AnswerSet","Ssebaggala_DFT","TIME_next_finish","09/13/2016","10:44:55"
"9930ca","AnswerSet","Ssebaggala_DFT","TIME_next","09/13/2016","10:45:32"
"9930ca","AnswerSet","Ssebaggala_DFT","TIME_next_children","09/13/2016","10:45:36"
"9930ca","AnswerRemoved","Ssebaggala_DFT","8539c2015ec3435eb22275bd45ba3da0","09/13/2016","10:45:45"
"9930ca","AnswerSet","Ssebaggala_DFT","TIME_next","09/13/2016","10:45:54"
"9930ca","AnswerSet","Ssebaggala_DFT","TIME_next_finish","09/13/2016","10:46:22"
"9930ca","AnswerSet","Ssebaggala_DFT","TIME_next","09/13/2016","10:46:52"
"9930ca","AnswerSet","Ssebaggala_DFT","TIME_next_children","09/13/2016","10:46:56"
"9930ca","AnswerSet","Ssebaggala_DFT","TIME_next_finish","09/13/2016","10:47:00"
"9930ca","AnswerSet","Ssebaggala_DFT","TIME_next","09/13/2016","10:47:32"
"9930ca","AnswerSet","Ssebaggala_DFT","TIME_next_finish","09/13/2016","10:47:39"
"9930ca","AnswerSet","Ssebaggala_DFT","TIME_next","09/13/2016","10:48:12"
"9930ca","AnswerSet","Ssebaggala_DFT","TIME_next_children","09/13/2016","10:48:16"
"9930ca","AnswerSet","Ssebaggala_DFT","TIME_next_finish","09/13/2016","10:48:23"
"9930ca","AnswerSet","Ssebaggala_DFT","TIME_next","09/13/2016","10:48:49"
"9930ca","AnswerSet","Ssebaggala_DFT","TIME_next_children","09/13/2016","10:48:53"
"9930ca","AnswerSet","Ssebaggala_DFT","TIME_next_finish","09/13/2016","10:49:00"
"9930ca","AnswerSet","Ssebaggala_DFT","TIME_next","09/13/2016","10:49:21"
"9930ca","AnswerSet","Ssebaggala_DFT","TIME_next_children","09/13/2016","10:49:25"
"9930ca","AnswerSet","Ssebaggala_DFT","TIME_next_finish","09/13/2016","10:49:30"
"9930ca","AnswerSet","Ssebaggala_DFT","TIME_next","09/13/2016","10:49:56"
"9930ca","CommentSet","Ssebaggala_DFT","TIME_next","09/13/2016","10:50:10"
"9930ca","AnswerSet","Ssebaggala_DFT","TIME_next_children","09/13/2016","10:50:13"
"9930ca","AnswerRemoved","Ssebaggala_DFT","fb5a1edb0e964a2e8535bba41220fb90","09/13/2016","10:50:25"
"9930ca","AnswerSet","Ssebaggala_DFT","TIME_next_finish","09/13/2016","10:50:32"
"9930ca","AnswerSet","Ssebaggala_DFT","TIME_next","09/13/2016","10:50:52"
"9930ca","AnswerSet","Ssebaggala_DFT","TIME_usual","09/13/2016","10:51:13"
"9930ca","AnswerSet","Ssebaggala_DFT","TIME_usual_ag","09/13/2016","10:51:14"
"9930ca","AnswerSet","Ssebaggala_DFT","TIME_householdwork","09/13/2016","10:51:25"
"9930ca","AnswerSet","Ssebaggala_DFT","Time_stamp2","09/13/2016","10:51:28"
"9930ca","AnswerSet","Ssebaggala_DFT","EN_sametime","09/13/2016","10:51:57"
"9930ca","AnswerSet","Ssebaggala_DFT","EN_part1","09/13/2016","10:52:00"
"9930ca","AnswerSet","Ssebaggala_DFT","EN_part2","09/13/2016","10:52:04"
"9930ca","AnswerSet","Ssebaggala_DFT","EN_who","09/13/2016","10:52:08"
"9930ca","AnswerSet","Ssebaggala_DFT","EN_decision","09/13/2016","10:52:33"
"9930ca","AnswerSet","Ssebaggala_DFT","EN_timeuse","09/13/2016","10:52:54"
"9930ca","AnswerSet","Ssebaggala_DFT","EN_holder","09/13/2016","10:53:00"
"9930ca","AnswerSet","Ssebaggala_DFT","EN_comments","09/13/2016","10:55:17"
"9930ca","QuestionDeclaredValid","","HH_age","",""
"9930ca","QuestionDeclaredValid","","HH_age","",""
"9930ca","QuestionDeclaredValid","","HH_age","",""
"9930ca","QuestionDeclaredValid","","HH_age","",""
"9930ca","QuestionDeclaredValid","","HH_age","",""
"9930ca","QuestionDeclaredValid","","HH_age","",""
"9930ca","QuestionDeclaredValid","","HH_age","",""
"9930ca","QuestionDeclaredValid","","HH_away","",""
"9930ca","QuestionDeclaredValid","","HH_away","",""
"9930ca","QuestionDeclaredValid","","HH_away","",""
"9930ca","QuestionDeclaredValid","","HH_away","",""
"9930ca","QuestionDeclaredValid","","HH_away","",""
"9930ca","QuestionDeclaredValid","","HH_away","",""
"9930ca","QuestionDeclaredValid","","HH_away","",""
"9930ca","QuestionDeclaredValid","","PAR_area","",""
"9930ca","QuestionDeclaredValid","","PAR_year","",""
"9930ca","QuestionDeclaredValid","","PAR_numplots","",""
"9930ca","QuestionEnabled","","respondent_1","",""
"9930ca","QuestionEnabled","","respondent_1_holder","",""
"9930ca","QuestionEnabled","","respondent_2","",""
"9930ca","QuestionEnabled","","respondent_num","",""
"9930ca","QuestionEnabled","","available_now","",""
"9930ca","QuestionEnabled","","consent_respondent_1","",""
"9930ca","QuestionEnabled","","consent_respondent_2","",""
"9930ca","QuestionEnabled","","TIME_morning1_finish","",""
"9930ca","QuestionEnabled","","EN_sametime","",""
"9930ca","QuestionEnabled","","EN_part1","",""
"9930ca","QuestionEnabled","","EN_part2","",""
"9930ca","QuestionEnabled","","name_contact1","",""
"9930ca","QuestionEnabled","","relationship_contact1","",""
"9930ca","QuestionEnabled","","phone_contact1","",""
"9930ca","QuestionEnabled","","name_contact2","",""
"9930ca","QuestionEnabled","","relationship_contact2","",""
"9930ca","QuestionEnabled","","phone_contact2","",""
"9930ca","QuestionEnabled","","DL_accom","",""
"9930ca","QuestionEnabled","","DL_rooms","",""
"9930ca","QuestionEnabled","","DL_light","",""
"9930ca","QuestionEnabled","","DL_water","",""
"9930ca","QuestionEnabled","","DL_location","",""
"9930ca","QuestionEnabled","","DL_toilet","",""
"9930ca","QuestionEnabled","","DL_floor","",""
"9930ca","QuestionEnabled","","DL_walls","",""
"9930ca","QuestionEnabled","","DL_roof","",""
"9930ca","QuestionEnabled","","HH_marital","",""
"9930ca","QuestionEnabled","","HH_marital","",""
"9930ca","QuestionEnabled","","HH_spouse","",""
"9930ca","QuestionEnabled","","LL_ag_activity","",""
"9930ca","QuestionEnabled","","LL_ag_activity","",""
"9930ca","QuestionEnabled","","LL_ag_activity","",""
"9930ca","QuestionEnabled","","LL_ag_activity","",""
"9930ca","QuestionEnabled","","LL_ag_activity","",""
"9930ca","QuestionEnabled","","LL_ag_wage","",""
"9930ca","QuestionEnabled","","LL_ag_wage","",""
"9930ca","QuestionEnabled","","LL_ag_wage","",""
"9930ca","QuestionEnabled","","LL_ag_wage","",""
"9930ca","QuestionEnabled","","LL_ag_wage","",""
"9930ca","QuestionEnabled","","LL_nonag_wage","",""
"9930ca","QuestionEnabled","","LL_nonag_wage","",""
"9930ca","QuestionEnabled","","LL_nonag_wage","",""
"9930ca","QuestionEnabled","","LL_nonag_wage","",""
"9930ca","QuestionEnabled","","LL_nonag_wage","",""
"9930ca","QuestionEnabled","","LL_nonag_bus","",""
"9930ca","QuestionEnabled","","LL_nonag_bus","",""
"9930ca","QuestionEnabled","","LL_nonag_bus","",""
"9930ca","QuestionEnabled","","PAR_ownjointly_A","",""
"9930ca","QuestionEnabled","","PAR_ownjointly_hh","",""
"9930ca","QuestionEnabled","","PAR_decision_act_A","",""
"9930ca","QuestionEnabled","","PAR_decision_act_hh","",""
"9930ca","QuestionEnabled","","LS_ownjointly_A","",""
"9930ca","QuestionEnabled","","LS_ownjointly_hh","",""
"9930ca","QuestionEnabled","","LS_manager_hh","",""
"9930ca","QuestionEnabled","","LS_vet_hh","",""
"9930ca","QuestionEnabled","","LS_consumed_decis","",""
"9930ca","QuestionEnabled","","LS_consumed_decis_hh","",""
"9930ca","QuestionEnabled","","LS_sell_decis","",""
"9930ca","QuestionEnabled","","LS_sell_decis_hh","",""
"9930ca","QuestionEnabled","","LS_earnings","",""
"9930ca","QuestionEnabled","","LS_earnings_hh","",""
"9930ca","QuestionEnabled","","LS_decision_slaught","",""
"9930ca","QuestionEnabled","","LS_dec_slaught_hh","",""
"9930ca","QuestionEnabled","","TIME_next_ag","",""
"9930ca","QuestionEnabled","","TIME_next_agsep","",""
"9930ca","QuestionEnabled","","TIME_next_children","",""
"9930ca","QuestionEnabled","","TIME_next_children","",""
"9930ca","QuestionEnabled","","TIME_next_children","",""
"9930ca","QuestionEnabled","","TIME_next_children","",""
"9930ca","QuestionEnabled","","TIME_next_children","",""
"9930ca","QuestionEnabled","","TIME_next_children","",""
"9930ca","QuestionEnabled","","TIME_next_children","",""
"9930ca","QuestionEnabled","","TIME_next_children","",""
"9930ca","QuestionEnabled","","TIME_next_children","",""
"9930ca","QuestionEnabled","","TIME_next_children","",""
"9930ca","QuestionEnabled","","TIME_next_finish","",""
"9930ca","QuestionEnabled","","TIME_next_finish","",""
"9930ca","QuestionEnabled","","TIME_next_finish","",""
"9930ca","QuestionEnabled","","TIME_next_finish","",""
"9930ca","QuestionEnabled","","TIME_next_finish","",""
"9930ca","QuestionEnabled","","TIME_next_finish","",""
"9930ca","QuestionEnabled","","TIME_next_finish","",""
"9930ca","QuestionEnabled","","TIME_next_finish","",""
"9930ca","QuestionEnabled","","TIME_next_finish","",""
"9930ca","QuestionEnabled","","TIME_next_finish","",""
"9930ca","QuestionEnabled","","TIME_next_finish","",""
"9930ca","QuestionEnabled","","TIME_next_finish","",""
"9930ca","QuestionEnabled","","TIME_next_finish","",""
"9930ca","QuestionEnabled","","PLOT_decision","",""
"9930ca","QuestionEnabled","","PLOT_decision","",""
"9930ca","QuestionEnabled","","PLOT_decision_hh","",""
"9930ca","QuestionEnabled","","PLOT_decision_hh","",""
"9930ca","QuestionEnabled","","PLOT_finance","",""
"9930ca","QuestionEnabled","","PLOT_finance","",""
"9930ca","QuestionEnabled","","PLOT_finance_hh","",""
"9930ca","QuestionEnabled","","PLOT_finance_hh","",""
"9930ca","QuestionEnabled","","CROP_code","",""
"9930ca","QuestionEnabled","","CROP_code","",""
"9930ca","QuestionEnabled","","CROP_decisionsell","",""
"9930ca","QuestionEnabled","","CROP_decisionsell","",""
"9930ca","QuestionEnabled","","CROP_decisionsell_hh","",""
"9930ca","QuestionEnabled","","CROP_decisionsell_hh","",""
"9930ca","QuestionEnabled","","CROP_sell","",""
"9930ca","QuestionEnabled","","CROP_sell","",""
"9930ca","QuestionEnabled","","CROP_decisionearn","",""
"9930ca","QuestionEnabled","","CROP_decisionearn_hh","",""
"9930ca","QuestionEnabled","","CROP_consume_amount","",""
"9930ca","QuestionEnabled","","CROP_consume_amount","",""
"9930ca","QuestionDisabled","","HH_holder","",""
"9930ca","QuestionDisabled","","HH_holder","",""
"9930ca","QuestionDisabled","","HH_holder","",""
"9930ca","QuestionDisabled","","HH_holder","",""
"9930ca","QuestionDisabled","","HH_holder","",""
"9930ca","QuestionDisabled","","HH_holder","",""
"9930ca","QuestionDisabled","","HH_holder","",""
"9930ca","QuestionDisabled","","HH_ed_other","",""
"9930ca","QuestionDisabled","","HH_ed_other","",""
"9930ca","QuestionDisabled","","HH_ed_other","",""
"9930ca","QuestionDisabled","","HH_ed_other","",""
"9930ca","QuestionDisabled","","HH_ed_other","",""
"9930ca","QuestionDisabled","","HH_ed_other","",""
"9930ca","QuestionDisabled","","HH_ed_other","",""
"9930ca","QuestionDisabled","","HH_marital","",""
"9930ca","QuestionDisabled","","HH_marital","",""
"9930ca","QuestionDisabled","","HH_marital","",""
"9930ca","QuestionDisabled","","HH_marital","",""
"9930ca","QuestionDisabled","","HH_marital","",""
"9930ca","QuestionDisabled","","HH_spouse","",""
"9930ca","QuestionDisabled","","HH_spouse","",""
"9930ca","QuestionDisabled","","HH_spouse","",""
"9930ca","QuestionDisabled","","HH_spouse","",""
"9930ca","QuestionDisabled","","HH_spouse","",""
"9930ca","QuestionDisabled","","HH_spouse","",""
"9930ca","QuestionDisabled","","HH_polygamy","",""
"9930ca","QuestionDisabled","","HH_polygamy","",""
"9930ca","QuestionDisabled","","HH_polygamy","",""
"9930ca","QuestionDisabled","","HH_polygamy","",""
"9930ca","QuestionDisabled","","HH_polygamy","",""
"9930ca","QuestionDisabled","","HH_polygamy","",""
"9930ca","QuestionDisabled","","HH_polygamy","",""
"9930ca","QuestionDisabled","","LL_ag_activity","",""
"9930ca","QuestionDisabled","","LL_ag_activity","",""
"9930ca","QuestionDisabled","","LL_ag_wage","",""
"9930ca","QuestionDisabled","","LL_ag_wage","",""
"9930ca","QuestionDisabled","","LL_nonag_wage","",""
"9930ca","QuestionDisabled","","LL_nonag_wage","",""
"9930ca","QuestionDisabled","","LL_nonag_bus","",""
"9930ca","QuestionDisabled","","LL_nonag_bus","",""
"9930ca","QuestionDisabled","","LL_nonag_bus","",""
"9930ca","QuestionDisabled","","LL_nonag_bus","",""
"9930ca","QuestionDisabled","","PAR_areaunit_other","",""
"9930ca","QuestionDisabled","","PAR_location","",""
"9930ca","QuestionDisabled","","PAR_acquire_other","",""
"9930ca","QuestionDisabled","","PAR_decisionperm_A","",""
"9930ca","QuestionDisabled","","PAR_decisionperm_hh","",""
"9930ca","QuestionDisabled","","LS_soldanimal_dec","",""
"9930ca","QuestionDisabled","","LS_earnanimal_dec","",""
"9930ca","QuestionDisabled","","CROP_code_other","",""
"9930ca","QuestionDisabled","","CROP_code_other","",""
"9930ca","QuestionDisabled","","CROP_decisionsell","",""
"9930ca","QuestionDisabled","","CROP_decisionsell","",""
"9930ca","QuestionDisabled","","CROP_decisionsell_hh","",""
"9930ca","QuestionDisabled","","CROP_decisionsell_hh","",""
"9930ca","QuestionDisabled","","CROP_sell","",""
"9930ca","QuestionDisabled","","CROP_sell","",""
"9930ca","QuestionDisabled","","CROP_decisionearn","",""
"9930ca","QuestionDisabled","","CROP_decisionearn","",""
"9930ca","QuestionDisabled","","CROP_decisionearn","",""
"9930ca","QuestionDisabled","","CROP_decisionearn_hh","",""
"9930ca","QuestionDisabled","","CROP_decisionearn_hh","",""
"9930ca","QuestionDisabled","","CROP_decisionearn_hh","",""
"9930ca","QuestionDisabled","","CROP_consume_amount","",""
"9930ca","QuestionDisabled","","CROP_consume_amount","",""
"9930ca","GroupEnabled","","4acbdbad9cdef15f3a3dbb54f0c76af4","",""
"9930ca","GroupEnabled","","1c540d7992d95836a22a8fb764260fa9","",""
"9930ca","GroupEnabled","","97e777cdede7e812bca15678959bd60f","",""
"9930ca","Completed","","","09/13/2016","10:55:21"
"9930ca","ReceivedBySupervisor","","","09/14/2016","02:41:43"
"9930ca","ApproveBySupervisor","Sup_Mugonza","","09/14/2016","03:25:07"
